Workbook

Sheet 대시보드
A1: 🛒 쇼핑몰 운영 대시보드
A2: 아래 카드는 각 시트 데이터에서 자동 집계됩니다
A4: 총 회원수 | D4: 활성 회원 | G4: 등록 상품수 | J4: 발주필요 상품
A5: =COUNTA(회원관리!A5:A54) -> 5 | D5: =COUNTIF(회원관리!L5:L54,"활성") -> 4 | G5: =COUNTA(상품관리!A5:A64) -> 5 | J5: =COUNTIF(상품관리!J5:J64,"발주필요") -> 3
A8: 총 주문건수 | D8: 총 매출액 | G8: 미답변 문의 | J8: 거래 파트너
A9: =COUNTA(주문관리!A5:A84) -> 5 | D9: =SUM(주문관리!K5:K84) -> 269000 | G9: =COUNTIF(게시판관리!H5:H64,"대기") -> 1 | J9: =COUNTA(파트너관리!A5:A34) -> 4
A12: 파트너 승인대기 | D12: 배송중 | G12: 노출중 배너 | J12: 노출 카테고리
A13: =COUNTIF(파트너상품등록!M5:M64,"검토중") -> 1 | D13: =COUNTIF(배송관리!I5:I64,"배송중") -> 1 | G13: =COUNTIF(배너관리!J5:J44,"노출중") -> 2 | J13: =COUNTIF(카테고리관리!E5:E44,"노출") -> 10
A17: 📌 사용 안내
A18: 1) 주문관리에 [회원ID]와 [상품코드]만 입력하면 주문자명·상품명·단가·파트너·금액이 자동 입력됩니다.
A19: 2) 회원의 누적구매액/주문수, 상품의 누적판매수, 파트너의 누적공급액은 모두 자동 집계됩니다.
A20: 3) 파트너는 [파트너상품등록] 시트에 자기 상품을 올리고, 관리자가 승인상태를 검토중→승인/반려로 처리합니다.
A21: 4) 승인된 상품은 [상품관리] 시트에 옮겨 정식 등록하세요(승인=판매 시작).
A22: 5) 녹색 글씨 셀(파트너명·마진율 등)은 자동 계산 항목이니 직접 입력하지 마세요.
A23: 6) 등급·승인상태·결제수단 등은 셀 클릭 시 드롭다운에서 선택합니다.
A24: 7) 구글 시트 업로드: 드라이브 → 파일 업로드 → '구글 시트로 열기'.

Sheet 회원관리
A1: 👤 회원관리
A2: 회원 기본정보 · 누적구매액/주문수는 주문관리에서 자동 집계됩니다
A4: 회원ID | B4: 가입일 | C4: 이름 | D4: 이메일 | E4: 연락처 | F4: 주소 | G4: 등급 | H4: 누적구매액 | I4: 누적주문수 | J4: 보유적립금 | K4: 마케팅수신 | L4: 상태 | M4: 메모
A5: M0001 | B5: 2025-01-15 | C5: 김민수 | D5: minsu@example.com | E5: 010-1234-5678 | F5: 서울시 강남구 | G5: VIP | H5: =IF(A5="","",SUMIF(주문관리!$C:$C,A5,주문관리!$L:$L)) -> 0 | I5: =IF(A5="","",COUNTIF(주문관리!$C:$C,A5)) -> 2 | J5: 5000 | K5: 동의 | L5: 활성 | M5: 단골고객
A6: M0002 | B6: 2025-02-03 | C6: 이서연 | D6: seoyeon@example.com | E6: 010-2345-6789 | F6: 경기도 성남시 | G6: 우수 | H6: =IF(A6="","",SUMIF(주문관리!$C:$C,A6,주문관리!$L:$L)) -> 0 | I6: =IF(A6="","",COUNTIF(주문관리!$C:$C,A6)) -> 1 | J6: 1200 | K6: 동의 | L6: 활성
A7: M0003 | B7: 2025-02-20 | C7: 박지훈 | D7: jihoon@example.com | E7: 010-3456-7890 | F7: 부산시 해운대구 | G7: 일반 | H7: =IF(A7="","",SUMIF(주문관리!$C:$C,A7,주문관리!$L:$L)) -> 0 | I7: =IF(A7="","",COUNTIF(주문관리!$C:$C,A7)) -> 1 | J7: 0 | K7: 미동의 | L7: 활성
A8: M0004 | B8: 2025-03-11 | C8: 최유진 | D8: yujin@example.com | E8: 010-4567-8901 | F8: 인천시 연수구 | G8: 일반 | H8: =IF(A8="","",SUMIF(주문관리!$C:$C,A8,주문관리!$L:$L)) -> 0 | I8: =IF(A8="","",COUNTIF(주문관리!$C:$C,A8)) -> 0 | J8: 300 | K8: 동의 | L8: 휴면
A9: M0005 | B9: 2025-03-28 | C9: 정도현 | D9: dohyun@example.com | E9: 010-5678-9012 | F9: 대구시 수성구 | G9: 우수 | H9: =IF(A9="","",SUMIF(주문관리!$C:$C,A9,주문관리!$L:$L)) -> 0 | I9: =IF(A9="","",COUNTIF(주문관리!$C:$C,A9)) -> 1 | J9: 800 | K9: 미동의 | L9: 활성
H10: =IF(A10="","",SUMIF(주문관리!$C:$C,A10,주문관리!$L:$L)) | I10: =IF(A10="","",COUNTIF(주문관리!$C:$C,A10))
H11: =IF(A11="","",SUMIF(주문관리!$C:$C,A11,주문관리!$L:$L)) | I11: =IF(A11="","",COUNTIF(주문관리!$C:$C,A11))
H12: =IF(A12="","",SUMIF(주문관리!$C:$C,A12,주문관리!$L:$L)) | I12: =IF(A12="","",COUNTIF(주문관리!$C:$C,A12))
H13: =IF(A13="","",SUMIF(주문관리!$C:$C,A13,주문관리!$L:$L)) | I13: =IF(A13="","",COUNTIF(주문관리!$C:$C,A13))
H14: =IF(A14="","",SUMIF(주문관리!$C:$C,A14,주문관리!$L:$L)) | I14: =IF(A14="","",COUNTIF(주문관리!$C:$C,A14))
H15: =IF(A15="","",SUMIF(주문관리!$C:$C,A15,주문관리!$L:$L)) | I15: =IF(A15="","",COUNTIF(주문관리!$C:$C,A15))
H16: =IF(A16="","",SUMIF(주문관리!$C:$C,A16,주문관리!$L:$L)) | I16: =IF(A16="","",COUNTIF(주문관리!$C:$C,A16))
H17: =IF(A17="","",SUMIF(주문관리!$C:$C,A17,주문관리!$L:$L)) | I17: =IF(A17="","",COUNTIF(주문관리!$C:$C,A17))
H18: =IF(A18="","",SUMIF(주문관리!$C:$C,A18,주문관리!$L:$L)) | I18: =IF(A18="","",COUNTIF(주문관리!$C:$C,A18))
H19: =IF(A19="","",SUMIF(주문관리!$C:$C,A19,주문관리!$L:$L)) | I19: =IF(A19="","",COUNTIF(주문관리!$C:$C,A19))
H20: =IF(A20="","",SUMIF(주문관리!$C:$C,A20,주문관리!$L:$L)) | I20: =IF(A20="","",COUNTIF(주문관리!$C:$C,A20))
H21: =IF(A21="","",SUMIF(주문관리!$C:$C,A21,주문관리!$L:$L)) | I21: =IF(A21="","",COUNTIF(주문관리!$C:$C,A21))
... H54: =IF(A54="","",SUMIF(주문관리!$C:$C,A54,주문관리!$L:$L)) | I54: =IF(A54="","",COUNTIF(주문관리!$C:$C,A54))

Sheet 카테고리관리
A1: 🗂️ 카테고리관리
A2: 대분류·중분류 2단계 / 등록상품수는 상품관리에서 대분류 기준 자동 집계 / 대분류명은 상품관리 카테고리와 일치시키세요
A4: 카테고리코드 | B4: 대분류 | C4: 중분류 | D4: 노출순서 | E4: 노출여부 | F4: 등록상품수 | G4: 아이콘URL | H4: 메모
A5: C01 | B5: 의류 | D5: 1 | E5: 노출 | F5: =IF(B5="","",IF(C5<>"","",COUNTIF(상품관리!$B:$B,B5))) -> 2 | G5: https://스토리지URL/ic_cloth.svg | H5: 상품 최다 카테고리
A6: C0101 | B6: 의류 | C6: 상의 | D6: 1 | E6: 노출 | F6: =IF(B6="","",IF(C6<>"","",COUNTIF(상품관리!$B:$B,B6)))
A7: C0102 | B7: 의류 | C7: 하의 | D7: 2 | E7: 노출 | F7: =IF(B7="","",IF(C7<>"","",COUNTIF(상품관리!$B:$B,B7)))
A8: C0103 | B8: 의류 | C8: 아우터 | D8: 3 | E8: 노출 | F8: =IF(B8="","",IF(C8<>"","",COUNTIF(상품관리!$B:$B,B8)))
A9: C02 | B9: 잡화 | D9: 2 | E9: 노출 | F9: =IF(B9="","",IF(C9<>"","",COUNTIF(상품관리!$B:$B,B9))) -> 1 | G9: https://스토리지URL/ic_bag.svg
A10: C0201 | B10: 잡화 | C10: 가방 | D10: 1 | E10: 노출 | F10: =IF(B10="","",IF(C10<>"","",COUNTIF(상품관리!$B:$B,B10)))
A11: C0202 | B11: 잡화 | C11: 모자 | D11: 2 | E11: 노출 | F11: =IF(B11="","",IF(C11<>"","",COUNTIF(상품관리!$B:$B,B11)))
A12: C03 | B12: 전자 | D12: 3 | E12: 노출 | F12: =IF(B12="","",IF(C12<>"","",COUNTIF(상품관리!$B:$B,B12))) -> 1 | G12: https://스토리지URL/ic_tech.svg
A13: C04 | B13: 뷰티 | D13: 4 | E13: 노출 | F13: =IF(B13="","",IF(C13<>"","",COUNTIF(상품관리!$B:$B,B13))) -> 1 | G13: https://스토리지URL/ic_beauty.svg
A14: C05 | B14: 식품 | D14: 5 | E14: 숨김 | F14: =IF(B14="","",IF(C14<>"","",COUNTIF(상품관리!$B:$B,B14))) -> 0 | G14: https://스토리지URL/ic_food.svg | H14: 오픈 예정
A15: C06 | B15: 기타 | D15: 6 | E15: 노출 | F15: =IF(B15="","",IF(C15<>"","",COUNTIF(상품관리!$B:$B,B15))) -> 0
F16: =IF(B16="","",IF(C16<>"","",COUNTIF(상품관리!$B:$B,B16)))
F17: =IF(B17="","",IF(C17<>"","",COUNTIF(상품관리!$B:$B,B17)))
F18: =IF(B18="","",IF(C18<>"","",COUNTIF(상품관리!$B:$B,B18)))
F19: =IF(B19="","",IF(C19<>"","",COUNTIF(상품관리!$B:$B,B19)))
F20: =IF(B20="","",IF(C20<>"","",COUNTIF(상품관리!$B:$B,B20)))
F21: =IF(B21="","",IF(C21<>"","",COUNTIF(상품관리!$B:$B,B21)))
F22: =IF(B22="","",IF(C22<>"","",COUNTIF(상품관리!$B:$B,B22)))
F23: =IF(B23="","",IF(C23<>"","",COUNTIF(상품관리!$B:$B,B23)))
F24: =IF(B24="","",IF(C24<>"","",COUNTIF(상품관리!$B:$B,B24)))
F25: =IF(B25="","",IF(C25<>"","",COUNTIF(상품관리!$B:$B,B25)))
F26: =IF(B26="","",IF(C26<>"","",COUNTIF(상품관리!$B:$B,B26)))
F27: =IF(B27="","",IF(C27<>"","",COUNTIF(상품관리!$B:$B,B27)))
... F44: =IF(B44="","",IF(C44<>"","",COUNTIF(상품관리!$B:$B,B44)))

Sheet 상품관리
A1: 📦 상품관리
A2: 마진율·재고알림 자동 / 누적판매수는 주문관리에서 집계 / 공급파트너는 파트너관리와 연동
A4: 상품코드 | B4: 카테고리 | C4: 상품명 | D4: 옵션 | E4: 공급가 | F4: 판매가 | G4: 마진율 | H4: 재고수량 | I4: 안전재고 | J4: 재고알림 | K4: 공급파트너 | L4: 등록일 | M4: 진열상태 | N4: 누적판매수
A5: P001 | B5: 의류 | C5: 베이직 코튼 티셔츠 | D5: 화이트/M | E5: 8000 | F5: 19000 | G5: =IF(OR(E5="",F5=""),"",(F5-E5)/F5) -> 0.57894737 | H5: 120 | I5: 30 | J5: =IF(H5="","",IF(H5<=I5,"발주필요","정상")) -> 정상 | K5: PT01 | L5: 2025-01-10 | M5: 진열 | N5: =IF(A5="","",SUMIF(주문관리!$F:$F,A5,주문관리!$H:$H)) -> 0
A6: P002 | B6: 의류 | C6: 오버핏 후드집업 | D6: 블랙/L | E6: 18000 | F6: 39000 | G6: =IF(OR(E6="",F6=""),"",(F6-E6)/F6) -> 0.53846154 | H6: 45 | I6: 20 | J6: =IF(H6="","",IF(H6<=I6,"발주필요","정상")) -> 정상 | K6: PT01 | L6: 2025-01-12 | M6: 진열 | N6: =IF(A6="","",SUMIF(주문관리!$F:$F,A6,주문관리!$H:$H)) -> 0
A7: P003 | B7: 잡화 | C7: 캔버스 에코백 | D7: 베이지 | E7: 4500 | F7: 12000 | G7: =IF(OR(E7="",F7=""),"",(F7-E7)/F7) -> 0.625 | H7: 15 | I7: 20 | J7: =IF(H7="","",IF(H7<=I7,"발주필요","정상")) -> 발주필요 | K7: PT02 | L7: 2025-02-01 | M7: 진열 | N7: =IF(A7="","",SUMIF(주문관리!$F:$F,A7,주문관리!$H:$H)) -> 0
A8: P004 | B8: 전자 | C8: 무선 블루투스 이어폰 | D8: - | E8: 22000 | F8: 49000 | G8: =IF(OR(E8="",F8=""),"",(F8-E8)/F8) -> 0.55102041 | H8: 8 | I8: 15 | J8: =IF(H8="","",IF(H8<=I8,"발주필요","정상")) -> 발주필요 | K8: PT03 | L8: 2025-02-15 | M8: 진열 | N8: =IF(A8="","",SUMIF(주문관리!$F:$F,A8,주문관리!$H:$H)) -> 0
A9: P005 | B9: 뷰티 | C9: 수분 진정 토너 | D9: 200ml | E9: 6000 | F9: 18000 | G9: =IF(OR(E9="",F9=""),"",(F9-E9)/F9) -> 0.66666667 | H9: 0 | I9: 10 | J9: =IF(H9="","",IF(H9<=I9,"발주필요","정상")) -> 발주필요 | K9: PT02 | L9: 2025-03-05 | M9: 품절 | N9: =IF(A9="","",SUMIF(주문관리!$F:$F,A9,주문관리!$H:$H)) -> 0
G10: =IF(OR(E10="",F10=""),"",(F10-E10)/F10) | J10: =IF(H10="","",IF(H10<=I10,"발주필요","정상")) | N10: =IF(A10="","",SUMIF(주문관리!$F:$F,A10,주문관리!$H:$H))
G11: =IF(OR(E11="",F11=""),"",(F11-E11)/F11) | J11: =IF(H11="","",IF(H11<=I11,"발주필요","정상")) | N11: =IF(A11="","",SUMIF(주문관리!$F:$F,A11,주문관리!$H:$H))
G12: =IF(OR(E12="",F12=""),"",(F12-E12)/F12) | J12: =IF(H12="","",IF(H12<=I12,"발주필요","정상")) | N12: =IF(A12="","",SUMIF(주문관리!$F:$F,A12,주문관리!$H:$H))
G13: =IF(OR(E13="",F13=""),"",(F13-E13)/F13) | J13: =IF(H13="","",IF(H13<=I13,"발주필요","정상")) | N13: =IF(A13="","",SUMIF(주문관리!$F:$F,A13,주문관리!$H:$H))
G14: =IF(OR(E14="",F14=""),"",(F14-E14)/F14) | J14: =IF(H14="","",IF(H14<=I14,"발주필요","정상")) | N14: =IF(A14="","",SUMIF(주문관리!$F:$F,A14,주문관리!$H:$H))
G15: =IF(OR(E15="",F15=""),"",(F15-E15)/F15) | J15: =IF(H15="","",IF(H15<=I15,"발주필요","정상")) | N15: =IF(A15="","",SUMIF(주문관리!$F:$F,A15,주문관리!$H:$H))
G16: =IF(OR(E16="",F16=""),"",(F16-E16)/F16) | J16: =IF(H16="","",IF(H16<=I16,"발주필요","정상")) | N16: =IF(A16="","",SUMIF(주문관리!$F:$F,A16,주문관리!$H:$H))
G17: =IF(OR(E17="",F17=""),"",(F17-E17)/F17) | J17: =IF(H17="","",IF(H17<=I17,"발주필요","정상")) | N17: =IF(A17="","",SUMIF(주문관리!$F:$F,A17,주문관리!$H:$H))
G18: =IF(OR(E18="",F18=""),"",(F18-E18)/F18) | J18: =IF(H18="","",IF(H18<=I18,"발주필요","정상")) | N18: =IF(A18="","",SUMIF(주문관리!$F:$F,A18,주문관리!$H:$H))
G19: =IF(OR(E19="",F19=""),"",(F19-E19)/F19) | J19: =IF(H19="","",IF(H19<=I19,"발주필요","정상")) | N19: =IF(A19="","",SUMIF(주문관리!$F:$F,A19,주문관리!$H:$H))
G20: =IF(OR(E20="",F20=""),"",(F20-E20)/F20) | J20: =IF(H20="","",IF(H20<=I20,"발주필요","정상")) | N20: =IF(A20="","",SUMIF(주문관리!$F:$F,A20,주문관리!$H:$H))
G21: =IF(OR(E21="",F21=""),"",(F21-E21)/F21) | J21: =IF(H21="","",IF(H21<=I21,"발주필요","정상")) | N21: =IF(A21="","",SUMIF(주문관리!$F:$F,A21,주문관리!$H:$H))
... G64: =IF(OR(E64="",F64=""),"",(F64-E64)/F64) | J64: =IF(H64="","",IF(H64<=I64,"발주필요","정상")) | N64: =IF(A64="","",SUMIF(주문관리!$F:$F,A64,주문관리!$H:$H))

Sheet 파트너상품등록
A1: 🏷️ 파트너 상품등록
A2: 파트너가 직접 상품을 등록 → 관리자가 승인/반려 / 파트너명·마진율 자동 / 승인된 상품을 상품관리로 옮기세요
A4: 등록일 | B4: 파트너코드 | C4: 파트너명 | D4: 카테고리 | E4: 상품명 | F4: 옵션 | G4: 공급가 | H4: 희망판매가 | I4: 예상마진율 | J4: 재고수량 | K4: 이미지URL | L4: 상품설명 | M4: 승인상태 | N4: 관리자메모 | O4: 승인일
A5: 2025-04-02 | B5: PT01 | C5: =IF(B5="","",IFERROR(VLOOKUP(B5,파트너관리!$A:$B,2,0),"미등록")) -> 대한의류 | D5: 의류 | E5: 린넨 셔츠 | F5: 라이트블루/L | G5: 16000 | H5: 38000 | I5: =IF(OR(G5="",H5=""),"",(H5-G5)/H5) -> 0.57894737 | J5: 40 | K5: https://스토리지URL/p_linen.jpg | L5: 여름용 린넨 셔츠, 통기성 우수 | M5: 검토중
A6: 2025-04-05 | B6: PT02 | C6: =IF(B6="","",IFERROR(VLOOKUP(B6,파트너관리!$A:$B,2,0),"미등록")) -> 뷰티앤백 | D6: 뷰티 | E6: 수딩 젤 크림 | F6: 100ml | G6: 7000 | H6: 21000 | I6: =IF(OR(G6="",H6=""),"",(H6-G6)/H6) -> 0.66666667 | J6: 60 | K6: https://스토리지URL/p_gel.jpg | L6: 알로에 수딩 젤, 민감성 피부용 | M6: 승인 | N6: 상품관리 P006으로 등록완료 | O6: 2025-04-06
A7: 2025-04-08 | B7: PT03 | C7: =IF(B7="","",IFERROR(VLOOKUP(B7,파트너관리!$A:$B,2,0),"미등록")) -> 테크원 | D7: 전자 | E7: USB-C 고속충전기 | F7: 30W | G7: 9000 | H7: 25000 | I7: =IF(OR(G7="",H7=""),"",(H7-G7)/H7) -> 0.64 | J7: 25 | K7: https://스토리지URL/p_charger.jpg | L7: 30W PD 고속충전 지원 | M7: 반려 | N7: 사진 화질 보완 후 재등록 요청
C8: =IF(B8="","",IFERROR(VLOOKUP(B8,파트너관리!$A:$B,2,0),"미등록")) | I8: =IF(OR(G8="",H8=""),"",(H8-G8)/H8)
C9: =IF(B9="","",IFERROR(VLOOKUP(B9,파트너관리!$A:$B,2,0),"미등록")) | I9: =IF(OR(G9="",H9=""),"",(H9-G9)/H9)
C10: =IF(B10="","",IFERROR(VLOOKUP(B10,파트너관리!$A:$B,2,0),"미등록")) | I10: =IF(OR(G10="",H10=""),"",(H10-G10)/H10)
C11: =IF(B11="","",IFERROR(VLOOKUP(B11,파트너관리!$A:$B,2,0),"미등록")) | I11: =IF(OR(G11="",H11=""),"",(H11-G11)/H11)
C12: =IF(B12="","",IFERROR(VLOOKUP(B12,파트너관리!$A:$B,2,0),"미등록")) | I12: =IF(OR(G12="",H12=""),"",(H12-G12)/H12)
C13: =IF(B13="","",IFERROR(VLOOKUP(B13,파트너관리!$A:$B,2,0),"미등록")) | I13: =IF(OR(G13="",H13=""),"",(H13-G13)/H13)
C14: =IF(B14="","",IFERROR(VLOOKUP(B14,파트너관리!$A:$B,2,0),"미등록")) | I14: =IF(OR(G14="",H14=""),"",(H14-G14)/H14)
C15: =IF(B15="","",IFERROR(VLOOKUP(B15,파트너관리!$A:$B,2,0),"미등록")) | I15: =IF(OR(G15="",H15=""),"",(H15-G15)/H15)
C16: =IF(B16="","",IFERROR(VLOOKUP(B16,파트너관리!$A:$B,2,0),"미등록")) | I16: =IF(OR(G16="",H16=""),"",(H16-G16)/H16)
C17: =IF(B17="","",IFERROR(VLOOKUP(B17,파트너관리!$A:$B,2,0),"미등록")) | I17: =IF(OR(G17="",H17=""),"",(H17-G17)/H17)
C18: =IF(B18="","",IFERROR(VLOOKUP(B18,파트너관리!$A:$B,2,0),"미등록")) | I18: =IF(OR(G18="",H18=""),"",(H18-G18)/H18)
C19: =IF(B19="","",IFERROR(VLOOKUP(B19,파트너관리!$A:$B,2,0),"미등록")) | I19: =IF(OR(G19="",H19=""),"",(H19-G19)/H19)
... C64: =IF(B64="","",IFERROR(VLOOKUP(B64,파트너관리!$A:$B,2,0),"미등록")) | I64: =IF(OR(G64="",H64=""),"",(H64-G64)/H64)

Sheet 주문관리
A1: 🧾 주문관리
A2: 회원ID·상품코드 입력 시 주문자명/상품명/단가/파트너 자동 입력 · 금액 자동 계산
A4: 주문번호 | B4: 주문일 | C4: 회원ID | D4: 주문자명 | E4: 상품코드 | F4: 상품명 | G4: 수량 | H4: 단가 | I4: 주문금액 | J4: 배송비 | K4: 결제금액 | L4: 결제수단 | M4: 배송상태 | N4: 송장번호 | O4: 파트너 | P4: 메모
A5: O20250115-01 | B5: 2025-01-15 | C5: M0001 | D5: =IF(C5="","",IFERROR(VLOOKUP(C5,회원관리!$A:$C,3,0),"미등록")) -> 김민수 | E5: P001 | F5: =IF(E5="","",IFERROR(VLOOKUP(E5,상품관리!$A:$C,3,0),"미등록")) -> 베이직 코튼 티셔츠 | G5: 2 | H5: =IF(E5="","",IFERROR(VLOOKUP(E5,상품관리!$A:$F,6,0),0)) -> 19000 | I5: =IF(OR(G5="",H5=""),"",G5*H5) -> 38000 | J5: 3000 | K5: =IF(I5="","",I5+N(J5)) -> 41000 | L5: 카드 | O5: =IF(E5="","",IFERROR(VLOOKUP(E5,상품관리!$A:$K,11,0),"")) -> PT01
A6: O20250203-01 | B6: 2025-02-03 | C6: M0002 | D6: =IF(C6="","",IFERROR(VLOOKUP(C6,회원관리!$A:$C,3,0),"미등록")) -> 이서연 | E6: P002 | F6: =IF(E6="","",IFERROR(VLOOKUP(E6,상품관리!$A:$C,3,0),"미등록")) -> 오버핏 후드집업 | G6: 1 | H6: =IF(E6="","",IFERROR(VLOOKUP(E6,상품관리!$A:$F,6,0),0)) -> 39000 | I6: =IF(OR(G6="",H6=""),"",G6*H6) -> 39000 | J6: 3000 | K6: =IF(I6="","",I6+N(J6)) -> 42000 | L6: 카드 | O6: =IF(E6="","",IFERROR(VLOOKUP(E6,상품관리!$A:$K,11,0),"")) -> PT01
A7: O20250220-01 | B7: 2025-02-20 | C7: M0003 | D7: =IF(C7="","",IFERROR(VLOOKUP(C7,회원관리!$A:$C,3,0),"미등록")) -> 박지훈 | E7: P003 | F7: =IF(E7="","",IFERROR(VLOOKUP(E7,상품관리!$A:$C,3,0),"미등록")) -> 캔버스 에코백 | G7: 3 | H7: =IF(E7="","",IFERROR(VLOOKUP(E7,상품관리!$A:$F,6,0),0)) -> 12000 | I7: =IF(OR(G7="",H7=""),"",G7*H7) -> 36000 | J7: 3000 | K7: =IF(I7="","",I7+N(J7)) -> 39000 | L7: 계좌이체 | O7: =IF(E7="","",IFERROR(VLOOKUP(E7,상품관리!$A:$K,11,0),"")) -> PT02
A8: O20250311-01 | B8: 2025-03-11 | C8: M0001 | D8: =IF(C8="","",IFERROR(VLOOKUP(C8,회원관리!$A:$C,3,0),"미등록")) -> 김민수 | E8: P004 | F8: =IF(E8="","",IFERROR(VLOOKUP(E8,상품관리!$A:$C,3,0),"미등록")) -> 무선 블루투스 이어폰 | G8: 1 | H8: =IF(E8="","",IFERROR(VLOOKUP(E8,상품관리!$A:$F,6,0),0)) -> 49000 | I8: =IF(OR(G8="",H8=""),"",G8*H8) -> 49000 | J8: 0 | K8: =IF(I8="","",I8+N(J8)) -> 49000 | L8: 카드 | O8: =IF(E8="","",IFERROR(VLOOKUP(E8,상품관리!$A:$K,11,0),"")) -> PT03 | P8: 무료배송
A9: O20250328-01 | B9: 2025-03-28 | C9: M0005 | D9: =IF(C9="","",IFERROR(VLOOKUP(C9,회원관리!$A:$C,3,0),"미등록")) -> 정도현 | E9: P001 | F9: =IF(E9="","",IFERROR(VLOOKUP(E9,상품관리!$A:$C,3,0),"미등록")) -> 베이직 코튼 티셔츠 | G9: 5 | H9: =IF(E9="","",IFERROR(VLOOKUP(E9,상품관리!$A:$F,6,0),0)) -> 19000 | I9: =IF(OR(G9="",H9=""),"",G9*H9) -> 95000 | J9: 3000 | K9: =IF(I9="","",I9+N(J9)) -> 98000 | L9: 간편결제 | O9: =IF(E9="","",IFERROR(VLOOKUP(E9,상품관리!$A:$K,11,0),"")) -> PT01
D10: =IF(C10="","",IFERROR(VLOOKUP(C10,회원관리!$A:$C,3,0),"미등록")) | F10: =IF(E10="","",IFERROR(VLOOKUP(E10,상품관리!$A:$C,3,0),"미등록")) | H10: =IF(E10="","",IFERROR(VLOOKUP(E10,상품관리!$A:$F,6,0),0)) | I10: =IF(OR(G10="",H10=""),"",G10*H10) | K10: =IF(I10="","",I10+N(J10)) | O10: =IF(E10="","",IFERROR(VLOOKUP(E10,상품관리!$A:$K,11,0),""))
D11: =IF(C11="","",IFERROR(VLOOKUP(C11,회원관리!$A:$C,3,0),"미등록")) | F11: =IF(E11="","",IFERROR(VLOOKUP(E11,상품관리!$A:$C,3,0),"미등록")) | H11: =IF(E11="","",IFERROR(VLOOKUP(E11,상품관리!$A:$F,6,0),0)) | I11: =IF(OR(G11="",H11=""),"",G11*H11) | K11: =IF(I11="","",I11+N(J11)) | O11: =IF(E11="","",IFERROR(VLOOKUP(E11,상품관리!$A:$K,11,0),""))
D12: =IF(C12="","",IFERROR(VLOOKUP(C12,회원관리!$A:$C,3,0),"미등록")) | F12: =IF(E12="","",IFERROR(VLOOKUP(E12,상품관리!$A:$C,3,0),"미등록")) | H12: =IF(E12="","",IFERROR(VLOOKUP(E12,상품관리!$A:$F,6,0),0)) | I12: =IF(OR(G12="",H12=""),"",G12*H12) | K12: =IF(I12="","",I12+N(J12)) | O12: =IF(E12="","",IFERROR(VLOOKUP(E12,상품관리!$A:$K,11,0),""))
D13: =IF(C13="","",IFERROR(VLOOKUP(C13,회원관리!$A:$C,3,0),"미등록")) | F13: =IF(E13="","",IFERROR(VLOOKUP(E13,상품관리!$A:$C,3,0),"미등록")) | H13: =IF(E13="","",IFERROR(VLOOKUP(E13,상품관리!$A:$F,6,0),0)) | I13: =IF(OR(G13="",H13=""),"",G13*H13) | K13: =IF(I13="","",I13+N(J13)) | O13: =IF(E13="","",IFERROR(VLOOKUP(E13,상품관리!$A:$K,11,0),""))
D14: =IF(C14="","",IFERROR(VLOOKUP(C14,회원관리!$A:$C,3,0),"미등록")) | F14: =IF(E14="","",IFERROR(VLOOKUP(E14,상품관리!$A:$C,3,0),"미등록")) | H14: =IF(E14="","",IFERROR(VLOOKUP(E14,상품관리!$A:$F,6,0),0)) | I14: =IF(OR(G14="",H14=""),"",G14*H14) | K14: =IF(I14="","",I14+N(J14)) | O14: =IF(E14="","",IFERROR(VLOOKUP(E14,상품관리!$A:$K,11,0),""))
D15: =IF(C15="","",IFERROR(VLOOKUP(C15,회원관리!$A:$C,3,0),"미등록")) | F15: =IF(E15="","",IFERROR(VLOOKUP(E15,상품관리!$A:$C,3,0),"미등록")) | H15: =IF(E15="","",IFERROR(VLOOKUP(E15,상품관리!$A:$F,6,0),0)) | I15: =IF(OR(G15="",H15=""),"",G15*H15) | K15: =IF(I15="","",I15+N(J15)) | O15: =IF(E15="","",IFERROR(VLOOKUP(E15,상품관리!$A:$K,11,0),""))
D16: =IF(C16="","",IFERROR(VLOOKUP(C16,회원관리!$A:$C,3,0),"미등록")) | F16: =IF(E16="","",IFERROR(VLOOKUP(E16,상품관리!$A:$C,3,0),"미등록")) | H16: =IF(E16="","",IFERROR(VLOOKUP(E16,상품관리!$A:$F,6,0),0)) | I16: =IF(OR(G16="",H16=""),"",G16*H16) | K16: =IF(I16="","",I16+N(J16)) | O16: =IF(E16="","",IFERROR(VLOOKUP(E16,상품관리!$A:$K,11,0),""))
D17: =IF(C17="","",IFERROR(VLOOKUP(C17,회원관리!$A:$C,3,0),"미등록")) | F17: =IF(E17="","",IFERROR(VLOOKUP(E17,상품관리!$A:$C,3,0),"미등록")) | H17: =IF(E17="","",IFERROR(VLOOKUP(E17,상품관리!$A:$F,6,0),0)) | I17: =IF(OR(G17="",H17=""),"",G17*H17) | K17: =IF(I17="","",I17+N(J17)) | O17: =IF(E17="","",IFERROR(VLOOKUP(E17,상품관리!$A:$K,11,0),""))
D18: =IF(C18="","",IFERROR(VLOOKUP(C18,회원관리!$A:$C,3,0),"미등록")) | F18: =IF(E18="","",IFERROR(VLOOKUP(E18,상품관리!$A:$C,3,0),"미등록")) | H18: =IF(E18="","",IFERROR(VLOOKUP(E18,상품관리!$A:$F,6,0),0)) | I18: =IF(OR(G18="",H18=""),"",G18*H18) | K18: =IF(I18="","",I18+N(J18)) | O18: =IF(E18="","",IFERROR(VLOOKUP(E18,상품관리!$A:$K,11,0),""))
D19: =IF(C19="","",IFERROR(VLOOKUP(C19,회원관리!$A:$C,3,0),"미등록")) | F19: =IF(E19="","",IFERROR(VLOOKUP(E19,상품관리!$A:$C,3,0),"미등록")) | H19: =IF(E19="","",IFERROR(VLOOKUP(E19,상품관리!$A:$F,6,0),0)) | I19: =IF(OR(G19="",H19=""),"",G19*H19) | K19: =IF(I19="","",I19+N(J19)) | O19: =IF(E19="","",IFERROR(VLOOKUP(E19,상품관리!$A:$K,11,0),""))
D20: =IF(C20="","",IFERROR(VLOOKUP(C20,회원관리!$A:$C,3,0),"미등록")) | F20: =IF(E20="","",IFERROR(VLOOKUP(E20,상품관리!$A:$C,3,0),"미등록")) | H20: =IF(E20="","",IFERROR(VLOOKUP(E20,상품관리!$A:$F,6,0),0)) | I20: =IF(OR(G20="",H20=""),"",G20*H20) | K20: =IF(I20="","",I20+N(J20)) | O20: =IF(E20="","",IFERROR(VLOOKUP(E20,상품관리!$A:$K,11,0),""))
D21: =IF(C21="","",IFERROR(VLOOKUP(C21,회원관리!$A:$C,3,0),"미등록")) | F21: =IF(E21="","",IFERROR(VLOOKUP(E21,상품관리!$A:$C,3,0),"미등록")) | H21: =IF(E21="","",IFERROR(VLOOKUP(E21,상품관리!$A:$F,6,0),0)) | I21: =IF(OR(G21="",H21=""),"",G21*H21) | K21: =IF(I21="","",I21+N(J21)) | O21: =IF(E21="","",IFERROR(VLOOKUP(E21,상품관리!$A:$K,11,0),""))
... D84: =IF(C84="","",IFERROR(VLOOKUP(C84,회원관리!$A:$C,3,0),"미등록")) | F84: =IF(E84="","",IFERROR(VLOOKUP(E84,상품관리!$A:$C,3,0),"미등록")) | H84: =IF(E84="","",IFERROR(VLOOKUP(E84,상품관리!$A:$F,6,0),0)) | I84: =IF(OR(G84="",H84=""),"",G84*H84) | K84: =IF(I84="","",I84+N(J84)) | O84: =IF(E84="","",IFERROR(VLOOKUP(E84,상품관리!$A:$K,11,0),""))

Sheet 배송관리
A1: 🚚 배송관리
A2: 주문번호만 넣으면 주문자명·상품명·수량 자동 / 송장·배송상태는 직접 관리
A4: 주문번호 | B4: 주문자명 | C4: 상품명 | D4: 수량 | E4: 택배사 | F4: 송장번호 | G4: 발송일 | H4: 도착예정일 | I4: 배송상태 | J4: 배송비 | K4: 배송메모 | L4: 비고
A5: O20250115-01 | B5: =IF(A5="","",IFERROR(VLOOKUP(A5,주문관리!$A:$D,4,0),"미확인")) -> 김민수 | C5: =IF(A5="","",IFERROR(VLOOKUP(A5,주문관리!$A:$F,6,0),"")) -> 베이직 코튼 티셔츠 | D5: =IF(A5="","",IFERROR(VLOOKUP(A5,주문관리!$A:$G,7,0),"")) -> 2 | E5: CJ대한통운 | F5: 1234-5678-9012 | G5: 2025-01-16 | H5: 2025-01-18 | I5: 배송완료 | J5: 3000 | K5: 부재시 경비실
A6: O20250203-01 | B6: =IF(A6="","",IFERROR(VLOOKUP(A6,주문관리!$A:$D,4,0),"미확인")) -> 이서연 | C6: =IF(A6="","",IFERROR(VLOOKUP(A6,주문관리!$A:$F,6,0),"")) -> 오버핏 후드집업 | D6: =IF(A6="","",IFERROR(VLOOKUP(A6,주문관리!$A:$G,7,0),"")) -> 1 | E6: 한진택배 | F6: 2345-6789-0123 | G6: 2025-02-04 | H6: 2025-02-06 | I6: 배송중 | J6: 3000
A7: O20250220-01 | B7: =IF(A7="","",IFERROR(VLOOKUP(A7,주문관리!$A:$D,4,0),"미확인")) -> 박지훈 | C7: =IF(A7="","",IFERROR(VLOOKUP(A7,주문관리!$A:$F,6,0),"")) -> 캔버스 에코백 | D7: =IF(A7="","",IFERROR(VLOOKUP(A7,주문관리!$A:$G,7,0),"")) -> 3 | E7: 롯데택배 | F7: 3456-7890-1234 | G7: 2025-02-21 | H7: 2025-02-23 | I7: 집화완료 | J7: 3000 | K7: 문앞에 놔주세요
A8: O20250311-01 | B8: =IF(A8="","",IFERROR(VLOOKUP(A8,주문관리!$A:$D,4,0),"미확인")) -> 김민수 | C8: =IF(A8="","",IFERROR(VLOOKUP(A8,주문관리!$A:$F,6,0),"")) -> 무선 블루투스 이어폰 | D8: =IF(A8="","",IFERROR(VLOOKUP(A8,주문관리!$A:$G,7,0),"")) -> 1 | E8: 우체국택배 | I8: 상품준비중 | J8: 0
B9: =IF(A9="","",IFERROR(VLOOKUP(A9,주문관리!$A:$D,4,0),"미확인")) | C9: =IF(A9="","",IFERROR(VLOOKUP(A9,주문관리!$A:$F,6,0),"")) | D9: =IF(A9="","",IFERROR(VLOOKUP(A9,주문관리!$A:$G,7,0),""))
B10: =IF(A10="","",IFERROR(VLOOKUP(A10,주문관리!$A:$D,4,0),"미확인")) | C10: =IF(A10="","",IFERROR(VLOOKUP(A10,주문관리!$A:$F,6,0),"")) | D10: =IF(A10="","",IFERROR(VLOOKUP(A10,주문관리!$A:$G,7,0),""))
B11: =IF(A11="","",IFERROR(VLOOKUP(A11,주문관리!$A:$D,4,0),"미확인")) | C11: =IF(A11="","",IFERROR(VLOOKUP(A11,주문관리!$A:$F,6,0),"")) | D11: =IF(A11="","",IFERROR(VLOOKUP(A11,주문관리!$A:$G,7,0),""))
B12: =IF(A12="","",IFERROR(VLOOKUP(A12,주문관리!$A:$D,4,0),"미확인")) | C12: =IF(A12="","",IFERROR(VLOOKUP(A12,주문관리!$A:$F,6,0),"")) | D12: =IF(A12="","",IFERROR(VLOOKUP(A12,주문관리!$A:$G,7,0),""))
B13: =IF(A13="","",IFERROR(VLOOKUP(A13,주문관리!$A:$D,4,0),"미확인")) | C13: =IF(A13="","",IFERROR(VLOOKUP(A13,주문관리!$A:$F,6,0),"")) | D13: =IF(A13="","",IFERROR(VLOOKUP(A13,주문관리!$A:$G,7,0),""))
B14: =IF(A14="","",IFERROR(VLOOKUP(A14,주문관리!$A:$D,4,0),"미확인")) | C14: =IF(A14="","",IFERROR(VLOOKUP(A14,주문관리!$A:$F,6,0),"")) | D14: =IF(A14="","",IFERROR(VLOOKUP(A14,주문관리!$A:$G,7,0),""))
B15: =IF(A15="","",IFERROR(VLOOKUP(A15,주문관리!$A:$D,4,0),"미확인")) | C15: =IF(A15="","",IFERROR(VLOOKUP(A15,주문관리!$A:$F,6,0),"")) | D15: =IF(A15="","",IFERROR(VLOOKUP(A15,주문관리!$A:$G,7,0),""))
B16: =IF(A16="","",IFERROR(VLOOKUP(A16,주문관리!$A:$D,4,0),"미확인")) | C16: =IF(A16="","",IFERROR(VLOOKUP(A16,주문관리!$A:$F,6,0),"")) | D16: =IF(A16="","",IFERROR(VLOOKUP(A16,주문관리!$A:$G,7,0),""))
B17: =IF(A17="","",IFERROR(VLOOKUP(A17,주문관리!$A:$D,4,0),"미확인")) | C17: =IF(A17="","",IFERROR(VLOOKUP(A17,주문관리!$A:$F,6,0),"")) | D17: =IF(A17="","",IFERROR(VLOOKUP(A17,주문관리!$A:$G,7,0),""))
B18: =IF(A18="","",IFERROR(VLOOKUP(A18,주문관리!$A:$D,4,0),"미확인")) | C18: =IF(A18="","",IFERROR(VLOOKUP(A18,주문관리!$A:$F,6,0),"")) | D18: =IF(A18="","",IFERROR(VLOOKUP(A18,주문관리!$A:$G,7,0),""))
B19: =IF(A19="","",IFERROR(VLOOKUP(A19,주문관리!$A:$D,4,0),"미확인")) | C19: =IF(A19="","",IFERROR(VLOOKUP(A19,주문관리!$A:$F,6,0),"")) | D19: =IF(A19="","",IFERROR(VLOOKUP(A19,주문관리!$A:$G,7,0),""))
B20: =IF(A20="","",IFERROR(VLOOKUP(A20,주문관리!$A:$D,4,0),"미확인")) | C20: =IF(A20="","",IFERROR(VLOOKUP(A20,주문관리!$A:$F,6,0),"")) | D20: =IF(A20="","",IFERROR(VLOOKUP(A20,주문관리!$A:$G,7,0),""))
... B64: =IF(A64="","",IFERROR(VLOOKUP(A64,주문관리!$A:$D,4,0),"미확인")) | C64: =IF(A64="","",IFERROR(VLOOKUP(A64,주문관리!$A:$F,6,0),"")) | D64: =IF(A64="","",IFERROR(VLOOKUP(A64,주문관리!$A:$G,7,0),""))

Sheet 파트너관리
A1: 🤝 파트너관리
A2: 공급사·제휴사·물류 관리 / 누적공급액은 주문관리에서 자동 집계
A4: 파트너코드 | B4: 파트너명 | C4: 담당자 | D4: 연락처 | E4: 이메일 | F4: 구분 | G4: 정산방식 | H4: 수수료율 | I4: 계약일 | J4: 누적공급액 | K4: 상태 | L4: 메모
A5: PT01 | B5: 대한의류 | C5: 김대표 | D5: 02-111-2222 | E5: apparel@ptn.com | F5: 공급사 | G5: 월정산 | H5: 0.1 | I5: 2024-12-01 | J5: =IF(A5="","",SUMIF(주문관리!$O:$O,A5,주문관리!$K:$K)) -> 181000 | K5: 정상
A6: PT02 | B6: 뷰티앤백 | C6: 이실장 | D6: 02-333-4444 | E6: beauty@ptn.com | F6: 공급사 | G6: 주정산 | H6: 0.12 | I6: 2025-01-05 | J6: =IF(A6="","",SUMIF(주문관리!$O:$O,A6,주문관리!$K:$K)) -> 39000 | K6: 정상
A7: PT03 | B7: 테크원 | C7: 박과장 | D7: 02-555-6666 | E7: tech@ptn.com | F7: 공급사 | G7: 월정산 | H7: 0.08 | I7: 2025-02-10 | J7: =IF(A7="","",SUMIF(주문관리!$O:$O,A7,주문관리!$K:$K)) -> 49000 | K7: 정상
A8: PT04 | B8: 빠른배송 | C8: 최팀장 | D8: 02-777-8888 | E8: logis@ptn.com | F8: 물류 | G8: 건별정산 | I8: 2024-11-20 | J8: =IF(A8="","",SUMIF(주문관리!$O:$O,A8,주문관리!$K:$K)) -> 0 | K8: 정상
J9: =IF(A9="","",SUMIF(주문관리!$O:$O,A9,주문관리!$K:$K))
J10: =IF(A10="","",SUMIF(주문관리!$O:$O,A10,주문관리!$K:$K))
J11: =IF(A11="","",SUMIF(주문관리!$O:$O,A11,주문관리!$K:$K))
J12: =IF(A12="","",SUMIF(주문관리!$O:$O,A12,주문관리!$K:$K))
J13: =IF(A13="","",SUMIF(주문관리!$O:$O,A13,주문관리!$K:$K))
J14: =IF(A14="","",SUMIF(주문관리!$O:$O,A14,주문관리!$K:$K))
J15: =IF(A15="","",SUMIF(주문관리!$O:$O,A15,주문관리!$K:$K))
J16: =IF(A16="","",SUMIF(주문관리!$O:$O,A16,주문관리!$K:$K))
J17: =IF(A17="","",SUMIF(주문관리!$O:$O,A17,주문관리!$K:$K))
J18: =IF(A18="","",SUMIF(주문관리!$O:$O,A18,주문관리!$K:$K))
J19: =IF(A19="","",SUMIF(주문관리!$O:$O,A19,주문관리!$K:$K))
J20: =IF(A20="","",SUMIF(주문관리!$O:$O,A20,주문관리!$K:$K))
... J34: =IF(A34="","",SUMIF(주문관리!$O:$O,A34,주문관리!$K:$K))

Sheet 게시판관리
A1: 💬 게시판관리
A2: 공지·문의·리뷰·FAQ 통합 관리
A4: 글번호 | B4: 작성일 | C4: 게시판 | D4: 제목 | E4: 작성자 | F4: 회원ID | G4: 내용요약 | H4: 답변상태 | I4: 답변자 | J4: 답변일 | K4: 공개여부
A5: B0001 | B5: 2025-01-16 | C5: 문의 | D5: 배송 언제 오나요? | E5: 김민수 | F5: M0001 | G5: 배송 일정 문의 | H5: 답변완료 | I5: 관리자 | J5: 2025-01-16 | K5: 공개
A6: B0002 | B6: 2025-02-04 | C6: 리뷰 | D6: 후드집업 너무 좋아요! | E6: 이서연 | F6: M0002 | G6: 상품 만족 리뷰 | H6: 답변완료 | I6: 관리자 | J6: 2025-02-05 | K6: 공개
A7: B0003 | B7: 2025-02-21 | C7: 문의 | D7: 사이즈 교환 가능한가요? | E7: 박지훈 | F7: M0003 | G7: 교환 문의 | H7: 대기 | K7: 비공개
A8: B0004 | B8: 2025-03-01 | C8: 공지 | D8: 3월 할인 이벤트 안내 | E8: 관리자 | G8: 전상품 10% 할인 | H8: - | I8: 관리자 | J8: 2025-03-01 | K8: 공개
A9: B0005 | B9: 2025-03-12 | C9: FAQ | D9: 무료배송 기준은? | E9: 관리자 | G9: 5만원 이상 무료 | H9: - | I9: 관리자 | J9: 2025-03-12 | K9: 공개

Sheet 배너관리
A1: 🖼️ 배너관리
A2: 시작일·종료일·사용여부에 따라 노출상태 자동 판정(노출중/대기/종료/중지) · 오늘 기준
A4: 배너ID | B4: 노출위치 | C4: 제목 | D4: 이미지URL | E4: 연결링크 | F4: 노출순서 | G4: 시작일 | H4: 종료일 | I4: 사용여부 | J4: 노출상태 | K4: 클릭수 | L4: 메모
A5: BN01 | B5: 메인슬라이드 | C5: 여름 시즌 세일 | D5: https://스토리지URL/banner_summer.jpg | E5: /event/summer | F5: 1 | G5: 46174 | H5: 46265 | I5: Y | J5: =IF(A5="","",IF(I5="N","중지",IF(TODAY()<G5,"대기",IF(TODAY()>H5,"종료","노출중")))) -> 노출중 | K5: 1820 | L5: 메인 최상단
A6: BN02 | B6: 메인상단 | C6: 신규회원 적립금 이벤트 | D6: https://스토리지URL/banner_new.jpg | E6: /event/welcome | F6: 2 | G6: 46143 | H6: 46387 | I6: Y | J6: =IF(A6="","",IF(I6="N","중지",IF(TODAY()<G6,"대기",IF(TODAY()>H6,"종료","노출중")))) -> 노출중 | K6: 940
A7: BN03 | B7: 팝업 | C7: 앱 다운로드 안내 | D7: https://스토리지URL/banner_app.jpg | E7: /app | F7: 1 | G7: 46204 | H7: 46218 | I7: Y | J7: =IF(A7="","",IF(I7="N","중지",IF(TODAY()<G7,"대기",IF(TODAY()>H7,"종료","노출중")))) -> 대기 | K7: 0 | L7: 예정 배너
A8: BN04 | B8: 메인중단 | C8: 겨울 코트 기획전 | D8: https://스토리지URL/banner_winter.jpg | E8: /event/winter | F8: 3 | G8: 45992 | H8: 46081 | I8: Y | J8: =IF(A8="","",IF(I8="N","중지",IF(TODAY()<G8,"대기",IF(TODAY()>H8,"종료","노출중")))) -> 종료 | K8: 2510 | L8: 종료된 배너
A9: BN05 | B9: 카테고리상단 | C9: 뷰티 단독 할인 | D9: https://스토리지URL/banner_beauty.jpg | E9: /category/beauty | F9: 1 | G9: 46174 | H9: 46203 | I9: N | J9: =IF(A9="","",IF(I9="N","중지",IF(TODAY()<G9,"대기",IF(TODAY()>H9,"종료","노출중")))) -> 중지 | K9: 0 | L9: 잠시 중지
J10: =IF(A10="","",IF(I10="N","중지",IF(TODAY()<G10,"대기",IF(TODAY()>H10,"종료","노출중"))))
J11: =IF(A11="","",IF(I11="N","중지",IF(TODAY()<G11,"대기",IF(TODAY()>H11,"종료","노출중"))))
J12: =IF(A12="","",IF(I12="N","중지",IF(TODAY()<G12,"대기",IF(TODAY()>H12,"종료","노출중"))))
J13: =IF(A13="","",IF(I13="N","중지",IF(TODAY()<G13,"대기",IF(TODAY()>H13,"종료","노출중"))))
J14: =IF(A14="","",IF(I14="N","중지",IF(TODAY()<G14,"대기",IF(TODAY()>H14,"종료","노출중"))))
J15: =IF(A15="","",IF(I15="N","중지",IF(TODAY()<G15,"대기",IF(TODAY()>H15,"종료","노출중"))))
J16: =IF(A16="","",IF(I16="N","중지",IF(TODAY()<G16,"대기",IF(TODAY()>H16,"종료","노출중"))))
J17: =IF(A17="","",IF(I17="N","중지",IF(TODAY()<G17,"대기",IF(TODAY()>H17,"종료","노출중"))))
J18: =IF(A18="","",IF(I18="N","중지",IF(TODAY()<G18,"대기",IF(TODAY()>H18,"종료","노출중"))))
J19: =IF(A19="","",IF(I19="N","중지",IF(TODAY()<G19,"대기",IF(TODAY()>H19,"종료","노출중"))))
J20: =IF(A20="","",IF(I20="N","중지",IF(TODAY()<G20,"대기",IF(TODAY()>H20,"종료","노출중"))))
J21: =IF(A21="","",IF(I21="N","중지",IF(TODAY()<G21,"대기",IF(TODAY()>H21,"종료","노출중"))))
... J44: =IF(A44="","",IF(I44="N","중지",IF(TODAY()<G44,"대기",IF(TODAY()>H44,"종료","노출중"))))
